observation_id,country_iso3,geography,layer,indicator,value,unit,period_start,period_end,release_date,source_institution,source_url,source_language,retrieval_date,status,verification_stage,comparability_group,notes
JOR-CPI-H1-YOY-2026,JOR,Jordan,macro,cpi_h1_yoy,2.03,% change,2026-01-01,2026-06-30,2026-07-23,Jordan Department of Statistics,https://dosweb.dos.gov.jo/cpi_072026/,en,2026-08-08,raw,official-source-checked; independent audit pending,half-year-yoy,First-half 2026 inflation versus first half 2025; not directly rankable beside monthly YoY rates.
JOR-CPI-JUN-YOY-2026,JOR,Jordan,macro,cpi_yoy,2.79,% change,2026-06-01,2026-06-30,2026-07-23,Jordan Department of Statistics,https://dosweb.dos.gov.jo/cpi_072026/,en,2026-08-08,raw,official-source-checked; independent audit pending,monthly-yoy,
JOR-CPI-JUN-MOM-2026,JOR,Jordan,macro,cpi_mom,0.14,% change,2026-06-01,2026-06-30,2026-07-23,Jordan Department of Statistics,https://dosweb.dos.gov.jo/cpi_072026/,en,2026-08-08,raw,official-source-checked; independent audit pending,monthly-mom,
SAU-CPI-JUN-YOY-2026,SAU,Saudi Arabia,macro,cpi_yoy,1.8,% change,2026-06-01,2026-06-30,2026-07-15,General Authority for Statistics (Saudi Arabia),https://www.stats.gov.sa/documents/20117/2435267/CPI%2BJun%2B2026-EN%2B%281%29.pdf/06a48d85-4368-1e92-dfcb-8a092010e724?t=1783941888045,en,2026-08-08,raw,official-source-checked; independent audit pending,monthly-yoy,
SAU-CPI-JUN-MOM-2026,SAU,Saudi Arabia,macro,cpi_mom,0.2,% change,2026-06-01,2026-06-30,2026-07-15,General Authority for Statistics (Saudi Arabia),https://www.stats.gov.sa/documents/20117/2435267/CPI%2BJun%2B2026-EN%2B%281%29.pdf/06a48d85-4368-1e92-dfcb-8a092010e724?t=1783941888045,en,2026-08-08,raw,official-source-checked; independent audit pending,monthly-mom,
SAU-FOOD-JUN-YOY-2026,SAU,Saudi Arabia,macro,food_beverages_yoy,1.4,% change,2026-06-01,2026-06-30,2026-07-15,General Authority for Statistics (Saudi Arabia),https://www.stats.gov.sa/documents/20117/2435267/CPI%2BJun%2B2026-EN%2B%281%29.pdf/06a48d85-4368-1e92-dfcb-8a092010e724?t=1783941888045,en,2026-08-08,raw,official-source-checked; independent audit pending,monthly-yoy-component,
MAR-CPI-JUN-YOY-2026,MAR,Morocco,macro,cpi_yoy,0.3,% change,2026-06-01,2026-06-30,2026-07-22,Haut-Commissariat au Plan (Morocco),https://www.hcp.ma/L-Indice-des-prix-a-la-consommation-IPC-du-mois-de-Juin-2026_a4339.html,fr,2026-08-08,raw,official-source-checked; independent audit pending,monthly-yoy,
MAR-CPI-JUN-MOM-2026,MAR,Morocco,macro,cpi_mom,-0.4,% change,2026-06-01,2026-06-30,2026-07-22,Haut-Commissariat au Plan (Morocco),https://www.hcp.ma/L-Indice-des-prix-a-la-consommation-IPC-du-mois-de-Juin-2026_a4339.html,fr,2026-08-08,raw,official-source-checked; independent audit pending,monthly-mom,
MAR-CORE-JUN-YOY-2026,MAR,Morocco,macro,core_inflation_yoy,-0.1,% change,2026-06-01,2026-06-30,2026-07-22,Haut-Commissariat au Plan (Morocco),https://www.hcp.ma/L-Indice-des-prix-a-la-consommation-IPC-du-mois-de-Juin-2026_a4339.html,fr,2026-08-08,raw,official-source-checked; independent audit pending,monthly-yoy-core,
TUN-CPI-JUL-YOY-2026,TUN,Tunisia,macro,cpi_yoy,5.1,% change,2026-07-01,2026-07-31,2026-08-05,National Institute of Statistics (Tunisia),https://www.ins.tn/en/statistiques/90,en,2026-08-08,raw,official-source-checked; independent audit pending,monthly-yoy,July observation; preserved as July rather than harmonized to June.
TUN-CPI-JUL-MOM-2026,TUN,Tunisia,macro,cpi_mom,0.2,% change,2026-07-01,2026-07-31,2026-08-05,National Institute of Statistics (Tunisia),https://www.ins.tn/en/statistiques/90,en,2026-08-08,raw,official-source-checked; independent audit pending,monthly-mom,
TUN-FOOD-JUL-YOY-2026,TUN,Tunisia,macro,food_non_alcoholic_yoy,6.6,% change,2026-07-01,2026-07-31,2026-08-05,National Institute of Statistics (Tunisia),https://www.ins.tn/en/statistiques/90,en,2026-08-08,raw,official-source-checked; independent audit pending,monthly-yoy-component,
PSE-PSE-CPI-JUN-YOY-2026,PSE,Palestine — overall,macro,cpi_yoy,-40.04,% change,2026-06-01,2026-06-30,2026-07-14,Palestinian Central Bureau of Statistics,https://www.pcbs.gov.ps/en/post-details/?postId=26333,en,2026-08-08,raw,official-source-checked; independent audit pending,monthly-yoy-conflict-sensitive,Conflict-affected price series. Large negative changes after extreme wartime price levels must not be interpreted mechanically as low economic stress.
PSE-PSE-CPI-JUN-MOM-2026,PSE,Palestine — overall,macro,cpi_mom,-1.6,% change,2026-06-01,2026-06-30,2026-07-14,Palestinian Central Bureau of Statistics,https://www.pcbs.gov.ps/en/post-details/?postId=26333,en,2026-08-08,raw,official-source-checked; independent audit pending,monthly-mom-conflict-sensitive,Conflict-affected price series. Large negative changes after extreme wartime price levels must not be interpreted mechanically as low economic stress.
PSE-PSE-CPI-H1-YOY-2026,PSE,Palestine — overall,macro,cpi_h1_yoy,-20.91,% change,2026-01-01,2026-06-30,2026-07-14,Palestinian Central Bureau of Statistics,https://www.pcbs.gov.ps/en/post-details/?postId=26333,en,2026-08-08,raw,official-source-checked; independent audit pending,half-year-yoy-conflict-sensitive,Conflict-affected price series. Large negative changes after extreme wartime price levels must not be interpreted mechanically as low economic stress.
PSE-WB-CPI-JUN-YOY-2026,PSE,West Bank,macro,cpi_yoy,1.31,% change,2026-06-01,2026-06-30,2026-07-14,Palestinian Central Bureau of Statistics,https://www.pcbs.gov.ps/en/post-details/?postId=26333,en,2026-08-08,raw,official-source-checked; independent audit pending,monthly-yoy-conflict-sensitive,Conflict-affected price series. Large negative changes after extreme wartime price levels must not be interpreted mechanically as low economic stress.
PSE-WB-CPI-JUN-MOM-2026,PSE,West Bank,macro,cpi_mom,-1.6,% change,2026-06-01,2026-06-30,2026-07-14,Palestinian Central Bureau of Statistics,https://www.pcbs.gov.ps/en/post-details/?postId=26333,en,2026-08-08,raw,official-source-checked; independent audit pending,monthly-mom-conflict-sensitive,Conflict-affected price series. Large negative changes after extreme wartime price levels must not be interpreted mechanically as low economic stress.
PSE-WB-CPI-H1-YOY-2026,PSE,West Bank,macro,cpi_h1_yoy,2.08,% change,2026-01-01,2026-06-30,2026-07-14,Palestinian Central Bureau of Statistics,https://www.pcbs.gov.ps/en/post-details/?postId=26333,en,2026-08-08,raw,official-source-checked; independent audit pending,half-year-yoy-conflict-sensitive,Conflict-affected price series. Large negative changes after extreme wartime price levels must not be interpreted mechanically as low economic stress.
PSE-J1-CPI-JUN-YOY-2026,PSE,Jerusalem J1,macro,cpi_yoy,2.31,% change,2026-06-01,2026-06-30,2026-07-14,Palestinian Central Bureau of Statistics,https://www.pcbs.gov.ps/en/post-details/?postId=26333,en,2026-08-08,raw,official-source-checked; independent audit pending,monthly-yoy-conflict-sensitive,Conflict-affected price series. Large negative changes after extreme wartime price levels must not be interpreted mechanically as low economic stress.
PSE-J1-CPI-JUN-MOM-2026,PSE,Jerusalem J1,macro,cpi_mom,-0.53,% change,2026-06-01,2026-06-30,2026-07-14,Palestinian Central Bureau of Statistics,https://www.pcbs.gov.ps/en/post-details/?postId=26333,en,2026-08-08,raw,official-source-checked; independent audit pending,monthly-mom-conflict-sensitive,Conflict-affected price series. Large negative changes after extreme wartime price levels must not be interpreted mechanically as low economic stress.
PSE-J1-CPI-H1-YOY-2026,PSE,Jerusalem J1,macro,cpi_h1_yoy,2.95,% change,2026-01-01,2026-06-30,2026-07-14,Palestinian Central Bureau of Statistics,https://www.pcbs.gov.ps/en/post-details/?postId=26333,en,2026-08-08,raw,official-source-checked; independent audit pending,half-year-yoy-conflict-sensitive,Conflict-affected price series. Large negative changes after extreme wartime price levels must not be interpreted mechanically as low economic stress.
PSE-GAZA-CPI-JUN-YOY-2026,PSE,Gaza Strip,macro,cpi_yoy,-62.77,% change,2026-06-01,2026-06-30,2026-07-14,Palestinian Central Bureau of Statistics,https://www.pcbs.gov.ps/en/post-details/?postId=26333,en,2026-08-08,raw,official-source-checked; independent audit pending,monthly-yoy-conflict-sensitive,Conflict-affected price series. Large negative changes after extreme wartime price levels must not be interpreted mechanically as low economic stress.
PSE-GAZA-CPI-JUN-MOM-2026,PSE,Gaza Strip,macro,cpi_mom,-1.87,% change,2026-06-01,2026-06-30,2026-07-14,Palestinian Central Bureau of Statistics,https://www.pcbs.gov.ps/en/post-details/?postId=26333,en,2026-08-08,raw,official-source-checked; independent audit pending,monthly-mom-conflict-sensitive,Conflict-affected price series. Large negative changes after extreme wartime price levels must not be interpreted mechanically as low economic stress.
PSE-GAZA-CPI-H1-YOY-2026,PSE,Gaza Strip,macro,cpi_h1_yoy,-41.66,% change,2026-01-01,2026-06-30,2026-07-14,Palestinian Central Bureau of Statistics,https://www.pcbs.gov.ps/en/post-details/?postId=26333,en,2026-08-08,raw,official-source-checked; independent audit pending,half-year-yoy-conflict-sensitive,Conflict-affected price series. Large negative changes after extreme wartime price levels must not be interpreted mechanically as low economic stress.
