id,language,task_family,error_class,prompt
MSID-IDENTITY-001,en,statistical_identity,population_scope,"According to the official Labor Market Statistics - Q1 2026, what was the Unemployment rate among Saudis in Saudi Arabia? Return the value, unit, population scope, nationality scope, age scope, denominator, reference period, vintage and source URL."
MSID-IDENTITY-001,ar,statistical_identity,population_scope,وفقاً للإصدار الرسمي «Labor Market Statistics - Q1 2026»، ما قيمة معدل البطالة بين السعوديين في السعودية؟ أعد القيمة والوحدة ونطاق السكان ونطاق الجنسية والفئة العمرية والمقام والفترة المرجعية ونسخة الإصدار ورابط المصدر.
MSID-IDENTITY-002,en,statistical_identity,population_scope,"According to the official Labor Market Statistics - Q1 2026, what was the Overall unemployment rate in Saudi Arabia? Return the value, unit, population scope, nationality scope, age scope, denominator, reference period, vintage and source URL."
MSID-IDENTITY-002,ar,statistical_identity,population_scope,وفقاً للإصدار الرسمي «Labor Market Statistics - Q1 2026»، ما قيمة معدل البطالة لإجمالي السكان في السعودية؟ أعد القيمة والوحدة ونطاق السكان ونطاق الجنسية والفئة العمرية والمقام والفترة المرجعية ونسخة الإصدار ورابط المصدر.
MSID-IDENTITY-003,en,statistical_identity,population_scope,"According to the official Unemployment Rate Decreased to 16.1% in Q1 2026, what was the Unemployment rate for the total population in Jordan? Return the value, unit, population scope, nationality scope, age scope, denominator, reference period, vintage and source URL."
MSID-IDENTITY-003,ar,statistical_identity,population_scope,وفقاً للإصدار الرسمي «Unemployment Rate Decreased to 16.1% in Q1 2026»، ما قيمة معدل البطالة لإجمالي السكان في الأردن؟ أعد القيمة والوحدة ونطاق السكان ونطاق الجنسية والفئة العمرية والمقام والفترة المرجعية ونسخة الإصدار ورابط المصدر.
MSID-IDENTITY-004,en,statistical_identity,population_scope,"According to the official Q1 2026 unemployment press release, what was the Unemployment rate among Jordanians in Jordan? Return the value, unit, population scope, nationality scope, age scope, denominator, reference period, vintage and source URL."
MSID-IDENTITY-004,ar,statistical_identity,population_scope,وفقاً للإصدار الرسمي «Q1 2026 unemployment press release»، ما قيمة معدل البطالة بين الأردنيين في الأردن؟ أعد القيمة والوحدة ونطاق السكان ونطاق الجنسية والفئة العمرية والمقام والفترة المرجعية ونسخة الإصدار ورابط المصدر.
MSID-COMP-001,en,comparison_validity,false_comparability,"Audit this comparison using population and nationality scope: Saudi Arabia 6.4% among Saudis and Jordan 16.1% total population. Return verdict as PASS, CAUTION, FAIL or UNKNOWN and a controlled reason code."
MSID-COMP-001,ar,comparison_validity,false_comparability,هل تصلح المقارنة المباشرة بين بطالة السعوديين 6.4% في السعودية وبطالة إجمالي السكان 16.1% في الأردن من حيث نطاق السكان؟ أعد الحكم PASS أو CAUTION أو FAIL أو UNKNOWN، مع رمز السبب المعتمد.
MSID-COMP-002,en,comparison_validity,false_comparability,"Audit this comparison using population and nationality scope: Saudi Arabia 3.1% total population and Jordan 16.1% total population. Return verdict as PASS, CAUTION, FAIL or UNKNOWN and a controlled reason code."
MSID-COMP-002,ar,comparison_validity,false_comparability,هل تصلح المقارنة المباشرة بين بطالة إجمالي السكان 3.1% في السعودية و16.1% في الأردن؟ أعد الحكم PASS أو CAUTION أو FAIL أو UNKNOWN، مع رمز السبب المعتمد.
MSID-COMP-003,en,comparison_validity,false_comparability,"Audit this comparison using population and nationality scope: Saudi Arabia 6.4% among Saudis and Jordan 21.1% among Jordanians. Return verdict as PASS, CAUTION, FAIL or UNKNOWN and a controlled reason code."
MSID-COMP-003,ar,comparison_validity,false_comparability,هل تصلح المقارنة المباشرة بين بطالة السعوديين 6.4% وبطالة الأردنيين 21.1%؟ أعد الحكم PASS أو CAUTION أو FAIL أو UNKNOWN، مع رمز السبب المعتمد.
MSID-VINTAGE-001,en,vintage_retrieval,vintage_leakage,"What value for Real GDP growth in 2023 is reported by the official pre-comprehensive-revision vintage dated 2025-03-09? Return the value, unit, vintage state, release date, geography, reference period and source URL."
MSID-VINTAGE-001,ar,vintage_retrieval,vintage_leakage,ما القيمة التي أوردتها النسخة الرسمية المؤرخة 2025-03-09 لمؤشر Real GDP growth عن 2023؟ أعد القيمة والوحدة وحالة النسخة وتاريخ الإصدار والجغرافيا والفترة المرجعية ورابط المصدر.
MSID-VINTAGE-002,en,vintage_retrieval,vintage_leakage,"What value for Real GDP growth in 2023 is reported by the official comprehensive-revision vintage dated 2025-05-01? Return the value, unit, vintage state, release date, geography, reference period and source URL."
MSID-VINTAGE-002,ar,vintage_retrieval,vintage_leakage,ما القيمة التي أوردتها النسخة الرسمية المؤرخة 2025-05-01 لمؤشر Real GDP growth عن 2023؟ أعد القيمة والوحدة وحالة النسخة وتاريخ الإصدار والجغرافيا والفترة المرجعية ورابط المصدر.
MSID-VINTAGE-003,en,decision_time_retrieval,vintage_leakage,"As of 10 March 2025, what official value was available for Saudi Arabia's 2023 real GDP growth? Do not use later revisions."
MSID-VINTAGE-003,ar,decision_time_retrieval,vintage_leakage,في 10 مارس/آذار 2025، ما القيمة الرسمية المتاحة لنمو الناتج المحلي الإجمالي الحقيقي للسعودية في 2023؟ لا تستخدم مراجعات لاحقة.
MSID-VINTAGE-004,en,revision_interpretation,narrative_flip,"Did Saudi Arabia's official description of 2023 real GDP growth change sign across the preserved vintages? Return both values, the revision in percentage points and the direction change."
MSID-VINTAGE-004,ar,revision_interpretation,narrative_flip,هل تغيرت إشارة نمو الناتج المحلي الإجمالي الحقيقي الرسمي للسعودية في 2023 بين النسختين المحفوظتين؟ أعد القيمتين وحجم المراجعة بالنقاط المئوية واتجاه التغير.
MSID-REVISION-001,en,revision_pair,revision_omission,"For Morocco Real GDP growth (Q1 2024, year_on_year_percent), compare the first vintage dated 2024-07-01 with the later vintage dated 2025-06-30. Return first value, later value, revision in percentage points and whether the old vintage remains public."
MSID-REVISION-001,ar,revision_pair,revision_omission,بالنسبة إلى المغرب، Real GDP growth (Q1 2024، year_on_year_percent): قارن النسخة الأولى المؤرخة 2024-07-01 بالنسخة اللاحقة المؤرخة 2025-06-30. أعد القيمة الأولى والقيمة اللاحقة والمراجعة بالنقاط المئوية وهل بقيت النسخة القديمة متاحة.
MSID-REVISION-002,en,revision_pair,revision_omission,"For Morocco Real GDP growth (Q2 2024, year_on_year_percent), compare the first vintage dated 2024-09-30 with the later vintage dated 2025-09-30. Return first value, later value, revision in percentage points and whether the old vintage remains public."
MSID-REVISION-002,ar,revision_pair,revision_omission,بالنسبة إلى المغرب، Real GDP growth (Q2 2024، year_on_year_percent): قارن النسخة الأولى المؤرخة 2024-09-30 بالنسخة اللاحقة المؤرخة 2025-09-30. أعد القيمة الأولى والقيمة اللاحقة والمراجعة بالنقاط المئوية وهل بقيت النسخة القديمة متاحة.
MSID-REVISION-003,en,revision_pair,revision_omission,"For Morocco Real GDP growth (Q3 2024, year_on_year_percent), compare the first vintage dated 2024-12-31 with the later vintage dated 2025-12-31. Return first value, later value, revision in percentage points and whether the old vintage remains public."
MSID-REVISION-003,ar,revision_pair,revision_omission,بالنسبة إلى المغرب، Real GDP growth (Q3 2024، year_on_year_percent): قارن النسخة الأولى المؤرخة 2024-12-31 بالنسخة اللاحقة المؤرخة 2025-12-31. أعد القيمة الأولى والقيمة اللاحقة والمراجعة بالنقاط المئوية وهل بقيت النسخة القديمة متاحة.
MSID-REVISION-004,en,revision_pair,revision_omission,"For Morocco Real GDP growth (Q4 2024, year_on_year_percent), compare the first vintage dated 2025-03-31 with the later vintage dated 2026-03-31. Return first value, later value, revision in percentage points and whether the old vintage remains public."
MSID-REVISION-004,ar,revision_pair,revision_omission,بالنسبة إلى المغرب، Real GDP growth (Q4 2024، year_on_year_percent): قارن النسخة الأولى المؤرخة 2025-03-31 بالنسخة اللاحقة المؤرخة 2026-03-31. أعد القيمة الأولى والقيمة اللاحقة والمراجعة بالنقاط المئوية وهل بقيت النسخة القديمة متاحة.
MSID-REVISION-005,en,revision_pair,revision_omission,"For Morocco Real GDP growth (2024, annual_percent), compare the first vintage dated 2025-06-06 with the later vintage dated 2026-06-08. Return first value, later value, revision in percentage points and whether the old vintage remains public."
MSID-REVISION-005,ar,revision_pair,revision_omission,بالنسبة إلى المغرب، Real GDP growth (2024، annual_percent): قارن النسخة الأولى المؤرخة 2025-06-06 بالنسخة اللاحقة المؤرخة 2026-06-08. أعد القيمة الأولى والقيمة اللاحقة والمراجعة بالنقاط المئوية وهل بقيت النسخة القديمة متاحة.
MSID-REVISION-006,en,revision_pair,revision_omission,"For Jordan Real GDP growth (Q3 2024, year_on_year_percent), compare the first vintage dated 2025-01-02 with the later vintage dated 2026-01-07. Return first value, later value, revision in percentage points and whether the old vintage remains public."
MSID-REVISION-006,ar,revision_pair,revision_omission,بالنسبة إلى الأردن، Real GDP growth (Q3 2024، year_on_year_percent): قارن النسخة الأولى المؤرخة 2025-01-02 بالنسخة اللاحقة المؤرخة 2026-01-07. أعد القيمة الأولى والقيمة اللاحقة والمراجعة بالنقاط المئوية وهل بقيت النسخة القديمة متاحة.
MSID-REVISION-007,en,revision_pair,revision_omission,"For Saudi Arabia Real GDP growth (Q3 2024, year_on_year_percent), compare the first vintage dated 2024-11-03 with the later vintage dated 2024-12-08. Return first value, later value, revision in percentage points and whether the old vintage remains public."
MSID-REVISION-007,ar,revision_pair,revision_omission,بالنسبة إلى السعودية، Real GDP growth (Q3 2024، year_on_year_percent): قارن النسخة الأولى المؤرخة 2024-11-03 بالنسخة اللاحقة المؤرخة 2024-12-08. أعد القيمة الأولى والقيمة اللاحقة والمراجعة بالنقاط المئوية وهل بقيت النسخة القديمة متاحة.
MSID-REVISION-008,en,revision_pair,revision_omission,"For Saudi Arabia Oil activities real growth (Q3 2024, year_on_year_percent), compare the first vintage dated 2024-11-03 with the later vintage dated 2024-12-08. Return first value, later value, revision in percentage points and whether the old vintage remains public."
MSID-REVISION-008,ar,revision_pair,revision_omission,بالنسبة إلى السعودية، Oil activities real growth (Q3 2024، year_on_year_percent): قارن النسخة الأولى المؤرخة 2024-11-03 بالنسخة اللاحقة المؤرخة 2024-12-08. أعد القيمة الأولى والقيمة اللاحقة والمراجعة بالنقاط المئوية وهل بقيت النسخة القديمة متاحة.
MSID-REVISION-009,en,revision_pair,revision_omission,"For Saudi Arabia Non-oil activities real growth (Q3 2024, year_on_year_percent), compare the first vintage dated 2024-11-03 with the later vintage dated 2024-12-08. Return first value, later value, revision in percentage points and whether the old vintage remains public."
MSID-REVISION-009,ar,revision_pair,revision_omission,بالنسبة إلى السعودية، Non-oil activities real growth (Q3 2024، year_on_year_percent): قارن النسخة الأولى المؤرخة 2024-11-03 بالنسخة اللاحقة المؤرخة 2024-12-08. أعد القيمة الأولى والقيمة اللاحقة والمراجعة بالنقاط المئوية وهل بقيت النسخة القديمة متاحة.
MSID-REVISION-010,en,revision_pair,revision_omission,"For Saudi Arabia Seasonally adjusted real GDP growth (Q3 2024, quarter_on_quarter_percent), compare the first vintage dated 2024-11-03 with the later vintage dated 2024-12-08. Return first value, later value, revision in percentage points and whether the old vintage remains public."
MSID-REVISION-010,ar,revision_pair,revision_omission,بالنسبة إلى السعودية، Seasonally adjusted real GDP growth (Q3 2024، quarter_on_quarter_percent): قارن النسخة الأولى المؤرخة 2024-11-03 بالنسخة اللاحقة المؤرخة 2024-12-08. أعد القيمة الأولى والقيمة اللاحقة والمراجعة بالنقاط المئوية وهل بقيت النسخة القديمة متاحة.
MSID-LANGUAGE-001,en,bilingual_archive,language_asymmetry,"For Jordan archive pair JOR-CPI-FEB-2026, what is the calendar-day gap between the Arabic and English public file timestamps? Return the gap, both filenames and the exact measurement boundary."
MSID-LANGUAGE-001,ar,bilingual_archive,language_asymmetry,بالنسبة إلى زوج الأرشيف الأردني JOR-CPI-FEB-2026، ما الفارق بالأيام التقويمية بين الطابعين الزمنيين للملفين العربي والإنجليزي؟ أعد الفارق واسمي الملفين وحد القياس.
MSID-LANGUAGE-002,en,bilingual_archive,language_asymmetry,"For Jordan archive pair JOR-CPI-MAR-2026, what is the calendar-day gap between the Arabic and English public file timestamps? Return the gap, both filenames and the exact measurement boundary."
MSID-LANGUAGE-002,ar,bilingual_archive,language_asymmetry,بالنسبة إلى زوج الأرشيف الأردني JOR-CPI-MAR-2026، ما الفارق بالأيام التقويمية بين الطابعين الزمنيين للملفين العربي والإنجليزي؟ أعد الفارق واسمي الملفين وحد القياس.
MSID-LANGUAGE-003,en,bilingual_archive,language_asymmetry,"For Jordan archive pair JOR-CPI-MAY-2026, what is the calendar-day gap between the Arabic and English public file timestamps? Return the gap, both filenames and the exact measurement boundary."
MSID-LANGUAGE-003,ar,bilingual_archive,language_asymmetry,بالنسبة إلى زوج الأرشيف الأردني JOR-CPI-MAY-2026، ما الفارق بالأيام التقويمية بين الطابعين الزمنيين للملفين العربي والإنجليزي؟ أعد الفارق واسمي الملفين وحد القياس.
MSID-LANGUAGE-004,en,bilingual_archive,language_asymmetry,"For Jordan archive pair JOR-CPI-JUN-2026, what is the calendar-day gap between the Arabic and English public file timestamps? Return the gap, both filenames and the exact measurement boundary."
MSID-LANGUAGE-004,ar,bilingual_archive,language_asymmetry,بالنسبة إلى زوج الأرشيف الأردني JOR-CPI-JUN-2026، ما الفارق بالأيام التقويمية بين الطابعين الزمنيين للملفين العربي والإنجليزي؟ أعد الفارق واسمي الملفين وحد القياس.
MSID-LANGUAGE-005,en,bilingual_archive,language_asymmetry,"For Jordan archive pair JOR-LFS-Q4-2025, what is the calendar-day gap between the Arabic and English public file timestamps? Return the gap, both filenames and the exact measurement boundary."
MSID-LANGUAGE-005,ar,bilingual_archive,language_asymmetry,بالنسبة إلى زوج الأرشيف الأردني JOR-LFS-Q4-2025، ما الفارق بالأيام التقويمية بين الطابعين الزمنيين للملفين العربي والإنجليزي؟ أعد الفارق واسمي الملفين وحد القياس.
MSID-LANGUAGE-006,en,bilingual_archive,language_asymmetry,"For Jordan archive pair JOR-LFS-Q1-2026, what is the calendar-day gap between the Arabic and English public file timestamps? Return the gap, both filenames and the exact measurement boundary."
MSID-LANGUAGE-006,ar,bilingual_archive,language_asymmetry,بالنسبة إلى زوج الأرشيف الأردني JOR-LFS-Q1-2026، ما الفارق بالأيام التقويمية بين الطابعين الزمنيين للملفين العربي والإنجليزي؟ أعد الفارق واسمي الملفين وحد القياس.
MSID-METHOD-001,en,method_regime,method_version_loss,For Saudi Arabia — National accounts / GDP — identify the producer-documented bridge class and direct-comparability decision in the MENA Statistical Method Change Registry. Return the controlled fields bridge_class and direct_comparability.
MSID-METHOD-001,ar,method_regime,method_version_loss,بالنسبة إلى السعودية — National accounts / GDP — حدّد فئة الجسر الموثقة وقرار المقارنة المباشرة في سجل تغير المناهج الإحصائية. أعد الحقلين المضبوطين bridge_class وdirect_comparability كما يردان في السجل.
MSID-METHOD-002,en,method_regime,method_version_loss,For Jordan — Quarterly GDP — identify the producer-documented bridge class and direct-comparability decision in the MENA Statistical Method Change Registry. Return the controlled fields bridge_class and direct_comparability.
MSID-METHOD-002,ar,method_regime,method_version_loss,بالنسبة إلى الأردن — Quarterly GDP — حدّد فئة الجسر الموثقة وقرار المقارنة المباشرة في سجل تغير المناهج الإحصائية. أعد الحقلين المضبوطين bridge_class وdirect_comparability كما يردان في السجل.
MSID-METHOD-003,en,method_regime,method_version_loss,For Morocco — Labour-force survey / unemployment — identify the producer-documented bridge class and direct-comparability decision in the MENA Statistical Method Change Registry. Return the controlled fields bridge_class and direct_comparability.
MSID-METHOD-003,ar,method_regime,method_version_loss,بالنسبة إلى المغرب — Labour-force survey / unemployment — حدّد فئة الجسر الموثقة وقرار المقارنة المباشرة في سجل تغير المناهج الإحصائية. أعد الحقلين المضبوطين bridge_class وdirect_comparability كما يردان في السجل.
MSID-METHOD-004,en,method_regime,method_version_loss,For Tunisia — Residential real-estate price index — identify the producer-documented bridge class and direct-comparability decision in the MENA Statistical Method Change Registry. Return the controlled fields bridge_class and direct_comparability.
MSID-METHOD-004,ar,method_regime,method_version_loss,بالنسبة إلى تونس — Residential real-estate price index — حدّد فئة الجسر الموثقة وقرار المقارنة المباشرة في سجل تغير المناهج الإحصائية. أعد الحقلين المضبوطين bridge_class وdirect_comparability كما يردان في السجل.
MSID-METHOD-005,en,method_regime,method_version_loss,For Egypt — Consumer Price Index — identify the producer-documented bridge class and direct-comparability decision in the MENA Statistical Method Change Registry. Return the controlled fields bridge_class and direct_comparability.
MSID-METHOD-005,ar,method_regime,method_version_loss,بالنسبة إلى مصر — Consumer Price Index — حدّد فئة الجسر الموثقة وقرار المقارنة المباشرة في سجل تغير المناهج الإحصائية. أعد الحقلين المضبوطين bridge_class وdirect_comparability كما يردان في السجل.
MSID-METHOD-006,en,method_regime,method_version_loss,For Saudi Arabia — Consumer Price Index — identify the producer-documented bridge class and direct-comparability decision in the MENA Statistical Method Change Registry. Return the controlled fields bridge_class and direct_comparability.
MSID-METHOD-006,ar,method_regime,method_version_loss,بالنسبة إلى السعودية — Consumer Price Index — حدّد فئة الجسر الموثقة وقرار المقارنة المباشرة في سجل تغير المناهج الإحصائية. أعد الحقلين المضبوطين bridge_class وdirect_comparability كما يردان في السجل.
MSID-METHOD-007,en,method_regime,method_version_loss,For Jordan — Consumer Price Index — identify the producer-documented bridge class and direct-comparability decision in the MENA Statistical Method Change Registry. Return the controlled fields bridge_class and direct_comparability.
MSID-METHOD-007,ar,method_regime,method_version_loss,بالنسبة إلى الأردن — Consumer Price Index — حدّد فئة الجسر الموثقة وقرار المقارنة المباشرة في سجل تغير المناهج الإحصائية. أعد الحقلين المضبوطين bridge_class وdirect_comparability كما يردان في السجل.
MSID-METHOD-008,en,method_regime,method_version_loss,For Tunisia — Consumer Price Index — identify the producer-documented bridge class and direct-comparability decision in the MENA Statistical Method Change Registry. Return the controlled fields bridge_class and direct_comparability.
MSID-METHOD-008,ar,method_regime,method_version_loss,بالنسبة إلى تونس — Consumer Price Index — حدّد فئة الجسر الموثقة وقرار المقارنة المباشرة في سجل تغير المناهج الإحصائية. أعد الحقلين المضبوطين bridge_class وdirect_comparability كما يردان في السجل.
MSID-METHOD-009,en,method_regime,method_version_loss,For Oman — Consumer Price Index — identify the producer-documented bridge class and direct-comparability decision in the MENA Statistical Method Change Registry. Return the controlled fields bridge_class and direct_comparability.
MSID-METHOD-009,ar,method_regime,method_version_loss,بالنسبة إلى عُمان — Consumer Price Index — حدّد فئة الجسر الموثقة وقرار المقارنة المباشرة في سجل تغير المناهج الإحصائية. أعد الحقلين المضبوطين bridge_class وdirect_comparability كما يردان في السجل.
MSID-METHOD-010,en,method_regime,method_version_loss,For Qatar — Consumer Price Index — identify the producer-documented bridge class and direct-comparability decision in the MENA Statistical Method Change Registry. Return the controlled fields bridge_class and direct_comparability.
MSID-METHOD-010,ar,method_regime,method_version_loss,بالنسبة إلى قطر — Consumer Price Index — حدّد فئة الجسر الموثقة وقرار المقارنة المباشرة في سجل تغير المناهج الإحصائية. أعد الحقلين المضبوطين bridge_class وdirect_comparability كما يردان في السجل.
MSID-METHOD-011,en,method_regime,method_version_loss,For United Arab Emirates — Consumer Price Index — identify the producer-documented bridge class and direct-comparability decision in the MENA Statistical Method Change Registry. Return the controlled fields bridge_class and direct_comparability.
MSID-METHOD-011,ar,method_regime,method_version_loss,بالنسبة إلى الإمارات العربية المتحدة — Consumer Price Index — حدّد فئة الجسر الموثقة وقرار المقارنة المباشرة في سجل تغير المناهج الإحصائية. أعد الحقلين المضبوطين bridge_class وdirect_comparability كما يردان في السجل.
MSID-METHOD-012,en,method_regime,method_version_loss,For Bahrain — Consumer Price Index — identify the producer-documented bridge class and direct-comparability decision in the MENA Statistical Method Change Registry. Return the controlled fields bridge_class and direct_comparability.
MSID-METHOD-012,ar,method_regime,method_version_loss,بالنسبة إلى البحرين — Consumer Price Index — حدّد فئة الجسر الموثقة وقرار المقارنة المباشرة في سجل تغير المناهج الإحصائية. أعد الحقلين المضبوطين bridge_class وdirect_comparability كما يردان في السجل.
MSID-METHOD-013,en,method_regime,method_version_loss,For Lebanon — Consumer Price Index — identify the producer-documented bridge class and direct-comparability decision in the MENA Statistical Method Change Registry. Return the controlled fields bridge_class and direct_comparability.
MSID-METHOD-013,ar,method_regime,method_version_loss,بالنسبة إلى لبنان — Consumer Price Index — حدّد فئة الجسر الموثقة وقرار المقارنة المباشرة في سجل تغير المناهج الإحصائية. أعد الحقلين المضبوطين bridge_class وdirect_comparability كما يردان في السجل.
MSID-METHOD-014,en,method_regime,method_version_loss,For Lebanon — Annual national accounts — identify the producer-documented bridge class and direct-comparability decision in the MENA Statistical Method Change Registry. Return the controlled fields bridge_class and direct_comparability.
MSID-METHOD-014,ar,method_regime,method_version_loss,بالنسبة إلى لبنان — Annual national accounts — حدّد فئة الجسر الموثقة وقرار المقارنة المباشرة في سجل تغير المناهج الإحصائية. أعد الحقلين المضبوطين bridge_class وdirect_comparability كما يردان في السجل.
MSID-METHOD-015,en,method_regime,method_version_loss,For Kuwait — Annual establishment survey — non-financial services — identify the producer-documented bridge class and direct-comparability decision in the MENA Statistical Method Change Registry. Return the controlled fields bridge_class and direct_comparability.
MSID-METHOD-015,ar,method_regime,method_version_loss,بالنسبة إلى الكويت — Annual establishment survey — non-financial services — حدّد فئة الجسر الموثقة وقرار المقارنة المباشرة في سجل تغير المناهج الإحصائية. أعد الحقلين المضبوطين bridge_class وdirect_comparability كما يردان في السجل.
